"0","ECK120012316","AraC","ECK120012990","1986300","1986316","1986308","reverse","ECK120034714","araFGH","+","araFp","-70","ccgctaaattTATGCACGTTCTCACTGtaattctgcg","[BPP|S|Binding of purified proteins],[HIBSCS|W|Human inference based on similarity to consensus sequences]","Strong",
"0","ECK120012316","AraC","ECK120012331","1986321","1986337","1986329","reverse","ECK120034713","araFGH","+","araFp","-91","ggctttccctTATGTCTTTTCCCGCTAaatttatgca","[SM|S|Site mutation],[BPP|S|Binding of purified proteins]","Strong",
"0","ECK120012316","AraC","ECK120013555","1986375","1986391","1986383","reverse","ECK120034715","araFGH","+","araFp","-145","aggctaatctTATGGATTAATCTGCTGtgcattcgac","[AIBSCS|W|Automated inference based on similarity to consensus sequences],[BPP|S|Binding of purified proteins],[HIBSCS|W|Human inference based on similarity to consensus sequences]","Strong",
"0","ECK120012316","AraC","ECK120012333","1986396","1986412","1986404","reverse","ECK120034712","araFGH","+","araFp","-166","ccaaagacaaCAAGGATTTCCAGGCTAatcttatgga","[SM|S|Site mutation],[BPP|S|Binding of purified proteins]","Strong",
"1","ECK120012316","AraC","ECK120012915","2982244","2982260","2982252","reverse","ECK120034718","araE","+","araEp","-44","tccatatttaTGCTGTTTCCGACCTGAcacctgcgtg","[BPP|S|Binding of purified proteins],[HIBSCS|W|Human inference based on similarity to consensus sequences]","Strong",
"1","ECK120012316","AraC","ECK120012915","2982244","2982260","2982252","reverse","ECK120034718","araE-ygeA","+","araEp","-44","tccatatttaTGCTGTTTCCGACCTGAcacctgcgtg","[BPP|S|Binding of purified proteins],[HIBSCS|W|Human inference based on similarity to consensus sequences]","Strong",
"1","ECK120012316","AraC","ECK120012913","2982265","2982281","2982273","reverse","ECK120034717","araE","+","araEp","-65","cgacatgtcgCAGCAATTTAATCCATAtttatgctgt","[BPP|S|Binding of purified proteins],[HIBSCS|W|Human inference based on similarity to consensus sequences]","Strong",
"1","ECK120012316","AraC","ECK120012913","2982265","2982281","2982273","reverse","ECK120034717","araE-ygeA","+","araEp","-65","cgacatgtcgCAGCAATTTAATCCATAtttatgctgt","[BPP|S|Binding of purified proteins],[HIBSCS|W|Human inference based on similarity to consensus sequences]","Strong",
"0","ECK120012316","AraC","ECK125108641","3730824","3730840","3730832","reverse","ECK125108642","xylAB","-","xylAp","-25","taacataattGAGCAACTGAAAGGGAGtgcccaatat","[BCE|W|Binding of cellular extracts],[GEA|W|Gene expression analysis]","Weak",
"0","ECK120012316","AraC","ECK125108643","3730847","3730863","3730855","reverse","ECK125108644","xylAB","-","xylAp","-48","attatctcaaTAGCAGTGTGAAATAACataattgagc","[BCE|W|Binding of cellular extracts],[GEA|W|Gene expression analysis],[HIBSCS|W|Human inference based on similarity to consensus sequences]","Weak",
"0","ECK120012316","AraC","ECK120012335","412564","412580","412572","reverse","ECK120034716","araJ","+","araJp","-43","tgaatacagaGGGGCGAATTATCTCTTggccttgctg","[AIBSCS|W|Automated inference based on similarity to consensus sequences],[BPP|S|Binding of purified proteins]","Strong",
"0","ECK120012316","AraC","ECK120012992","412585","412601","412593","reverse","ECK120031833","araJ","+","araJp","-64","aataactattCAGCAGGATAATGAATAcagaggggcg","[BPP|S|Binding of purified proteins],[HIBSCS|W|Human inference based on similarity to consensus sequences]","Strong",
"1","ECK120012316","AraC","ECK120015742","70110","70126","70118","reverse","ECK120034641","araBAD","+","araBp","-43","tccataagatTAGCGGATCCTACCTGAcgctttttat","[GEA|W|Gene expression analysis],[SM|S|Site mutation],[BPP|S|Binding of purified proteins],[HIBSCS|W|Human inference based on similarity to consensus sequences]","Strong",
"1","ECK120012316","AraC","ECK120015742","70110","70126","70118","forward","ECK120034644","araC","+","araCp","-123","ataaaaagcgTCAGGTAGGATCCGCTAatcttatgga","[GEA|W|Gene expression analysis],[SM|S|Site mutation],[BPP|S|Binding of purified proteins],[HIBSCS|W|Human inference based on similarity to consensus sequences]","Strong",
"1","ECK120012316","AraC","ECK120012328","70131","70147","70139","reverse","ECK120030768","araBAD","+","araBp","-64","tgctatgccaTAGCATTTTTATCCATAagattagcgg","[GEA|W|Gene expression analysis],[SM|S|Site mutation],[BPP|S|Binding of purified proteins],[HIBSCS|W|Human inference based on similarity to consensus sequences]","Strong",
"1","ECK120012316","AraC","ECK120012328","70131","70147","70139","reverse","ECK120030769","araBAD","-","araBp","-64","tgctatgccaTAGCATTTTTATCCATAagattagcgg","[GEA|W|Gene expression analysis],[SM|S|Site mutation],[BPP|S|Binding of purified proteins],[HIBSCS|W|Human inference based on similarity to consensus sequences]","Strong",
"1","ECK120012316","AraC","ECK120012328","70131","70147","70139","forward","ECK120030770","araC","+","araCp","-102","ccgctaatctTATGGATAAAAATGCTAtggcatagca","[GEA|W|Gene expression analysis],[SM|S|Site mutation],[BPP|S|Binding of purified proteins],[HIBSCS|W|Human inference based on similarity to consensus sequences]","Strong",
"1","ECK120012316","AraC","ECK120012328","70131","70147","70139","forward","ECK120030771","araC","-","araCp","-102","ccgctaatctTATGGATAAAAATGCTAtggcatagca","[GEA|W|Gene expression analysis],[SM|S|Site mutation],[BPP|S|Binding of purified proteins],[HIBSCS|W|Human inference based on similarity to consensus sequences]","Strong",
"1","ECK120012316","AraC","ECK120012320","70184","70200","70192","reverse","ECK120034643","araBAD","-","araBp","-117","tctataatcaCGGCAGAAAAGTCCACAttgattattt","[BCE|W|Binding of cellular extracts],[GEA|W|Gene expression analysis],[SM|S|Site mutation],[HIBSCS|W|Human inference based on similarity to consensus sequences]","Strong",
"1","ECK120012316","AraC","ECK120012320","70184","70200","70192","forward","ECK120034645","araC","-","araCp","-49","aaataatcaaTGTGGACTTTTCTGCCGtgattataga","[BCE|W|Binding of cellular extracts],[GEA|W|Gene expression analysis],[SM|S|Site mutation],[HIBSCS|W|Human inference based on similarity to consensus sequences]","Strong",
"1","ECK120012316","AraC","ECK120012323","70205","70221","70213","reverse","ECK120034642","araBAD","-","araBp","-138","caaaaacgcgTAACAAAAGTGTCTATAatcacggcag","[BCE|W|Binding of cellular extracts],[GEA|W|Gene expression analysis],[SM|S|Site mutation],[HIBSCS|W|Human inference based on similarity to consensus sequences]","Strong",
"1","ECK120012316","AraC","ECK120012323","70205","70221","70213","forward","ECK120034646","araC","-","araCp","-28","ctgccgtgatTATAGACACTTTTGTTAcgcgtttttg","[BCE|W|Binding of cellular extracts],[GEA|W|Gene expression analysis],[SM|S|Site mutation],[HIBSCS|W|Human inference based on similarity to consensus sequences]","Strong",
"1","ECK120012316","AraC","ECK120012603","70342","70358","70350","reverse","ECK120031103","araBAD","-","araBp","-275","attcagagaaGAAACCAATTGTCCATAttgcatcaga","[BCE|W|Binding of cellular extracts],[SM|S|Site mutation],[BPP|S|Binding of purified proteins],[HIBSCS|W|Human inference based on similarity to consensus sequences]","Strong",
"1","ECK120012316","AraC","ECK120012603","70342","70358","70350","forward","ECK120031108","araC","-","araCp","110","tctgatgcaaTATGGACAATTGGTTTCttctctgaat","[BCE|W|Binding of cellular extracts],[SM|S|Site mutation],[BPP|S|Binding of purified proteins],[HIBSCS|W|Human inference based on similarity to consensus sequences]","Strong",
"0","ECK120012316","AraC","ECK120011222","0","0","0","reverse","ECK125165928","ydeNM","-","ydeNp",,,"[GEA|W|Gene expression analysis]","Weak",
