"0","ECK120011508","NarP","ECK120015544","1031966","1031981","1031974","forward","ECK120031662","hyaABCDEF","-","hyaAp","-10","gtgcaaaagtTTCACTACGCTTTATTaacaatactt","[GEA|W|Gene expression analysis],[HIBSCS|W|Human inference based on similarity to consensus sequences]","Weak",
"0","ECK120011508","NarP","ECK120015546","1031982","1031997","1031990","forward","ECK120031661","hyaABCDEF","-","hyaAp","7","acgctttattAACAATACTTTCTGGCgacgtgcgcc","[GEA|W|Gene expression analysis],[HIBSCS|W|Human inference based on similarity to consensus sequences]","Weak",
"0","ECK120011508","NarP","ECK120013867","1547255","1547270","1547263","forward","ECK120032126","fdnGHI","-","fdnGp","-109","agtggtgcgtTTTTCTACCGCTATTGaggtaggtca","[GEA|W|Gene expression analysis],[SM|S|Site mutation]","Strong",
"0","ECK120011508","NarP","ECK120013828","1547264","1547279","1547272","forward","ECK120032125","fdnGHI","-","fdnGp","-100","tttttctaccGCTATTGAGGTAGGTCaatttgcgaa","[GEA|W|Gene expression analysis],[SM|S|Site mutation]","Strong",
"0","ECK120011508","NarP","ECK120034560","1754625","1754631","1754628","reverse","ECK120034561","ydhYVWXUT","-","ydhYp","15","ctaaccataaAGGATTAgtttatcggc","[GEA|W|Gene expression analysis],[SM|S|Site mutation],[BPP|S|Binding of purified proteins],[HIBSCS|W|Human inference based on similarity to consensus sequences]","Strong",
"0","ECK120011508","NarP","ECK120034558","1754634","1754640","1754637","reverse","ECK120034559","ydhYVWXUT","-","ydhYp","6","ttttttctccTAACCATaaaggattag","[GEA|W|Gene expression analysis],[SM|S|Site mutation],[BPP|S|Binding of purified proteins],[HIBSCS|W|Human inference based on similarity to consensus sequences]","Strong",
"0","ECK120011508","NarP","ECK120033338","1880025","1880040","1880033","reverse","ECK120033526","yeaR-yoaG","+","yeaRp","-39","aaaagtaaccAATAAATGGTATTTAAaatgcaaatt","[GEA|W|Gene expression analysis],[AIBSCS|W|Automated inference based on similarity to consensus sequences]","Weak",
"0","ECK120011508","NarP","ECK120033340","1880034","1880049","1880042","reverse","ECK120033524","yeaR-yoaG","+","yeaRp","-48","atggtgctaaAAAGTAACCAATAAATggtatttaaa","[GEA|W|Gene expression analysis],[AIBSCS|W|Automated inference based on similarity to consensus sequences]","Weak",
"0","ECK120011508","NarP","ECK120017043","2303606","2303621","2303614","reverse","ECK120031209","napFDAGHBC-ccmABCDEFGH","+","napFp1","-40","ggttttacccCGATCGGGGTATGCATctttgacaca","[GEA|W|Gene expression analysis],[SM|S|Site mutation],[HIBSCS|W|Human inference based on similarity to consensus sequences]","Strong",
"0","ECK120011508","NarP","ECK120017043","2303606","2303621","2303614","reverse","ECK120031396","napFDAGHBC-ccmABCDEFGH","-","napFp2","-37","ggttttacccCGATCGGGGTATGCATctttgacaca","[GEA|W|Gene expression analysis],[SM|S|Site mutation],[HIBSCS|W|Human inference based on similarity to consensus sequences]","Strong",
"0","ECK120011508","NarP","ECK120015556","2303615","2303630","2303623","reverse","ECK120031210","napFDAGHBC-ccmABCDEFGH","+","napFp1","-49","cctgctacagGTTTTACCCCGATCGGggtatgcatc","[GEA|W|Gene expression analysis],[SM|S|Site mutation],[HIBSCS|W|Human inference based on similarity to consensus sequences]","Strong",
"0","ECK120011508","NarP","ECK120015556","2303615","2303630","2303623","reverse","ECK120031399","napFDAGHBC-ccmABCDEFGH","-","napFp2","-46","cctgctacagGTTTTACCCCGATCGGggtatgcatc","[GEA|W|Gene expression analysis],[SM|S|Site mutation],[HIBSCS|W|Human inference based on similarity to consensus sequences]","Strong",
"0","ECK120011508","NarP","ECK120015564","2832353","2832368","2832361","forward","ECK120032610","norVW","-","norVp","-78","gatagtcattTTGACTACTCATTAATgggcataatt","[GEA|W|Gene expression analysis],[HIBSCS|W|Human inference based on similarity to consensus sequences]","Weak",
"0","ECK120011508","NarP","ECK120017044","2832362","2832377","2832370","forward","ECK120032607","norVW","-","norVp","-69","tttgactactCATTAATGGGCATAATtttatttata","[GEA|W|Gene expression analysis],[HIBSCS|W|Human inference based on similarity to consensus sequences]","Weak",
"0","ECK120011508","NarP","ECK120017045","3493905","3493920","3493913","forward","ECK120030878","nirBDC-cysG","+","nirBp","-74","tacaaatcagCAATATACCCATTAAGgagtatataa","[BCE|W|Binding of cellular extracts],[GEA|W|Gene expression analysis],[SM|S|Site mutation],[BPP|S|Binding of purified proteins]","Strong",
"0","ECK120011508","NarP","ECK120015725","3493914","3493929","3493922","forward","ECK120030880","nirBDC-cysG","+","nirBp","-65","gcaatataccCATTAAGGAGTATATAaaggtgaatt","[BCE|W|Binding of cellular extracts],[GEA|W|Gene expression analysis],[SM|S|Site mutation],[BPP|S|Binding of purified proteins]","Strong",
"1","ECK120011508","NarP","ECK120019261","4287584","4287599","4287592","forward","ECK120032295","nrfABCDEFG","+","nrfAp","-79","gaggaagataCTGACTAACTCTAAAGtggtatttta","[GEA|W|Gene expression analysis],[SM|S|Site mutation],[BPP|S|Binding of purified proteins],[HIBSCS|W|Human inference based on similarity to consensus sequences]","Strong",
"1","ECK120011508","NarP","ECK120015727","4287593","4287608","4287601","forward","ECK120032297","nrfABCDEFG","+","nrfAp","-70","actgactaacTCTAAAGTGGTATTTTacatgcactt","[GEA|W|Gene expression analysis],[SM|S|Site mutation],[BPP|S|Binding of purified proteins],[HIBSCS|W|Human inference based on similarity to consensus sequences]","Strong",
"0","ECK120011508","NarP","ECK120033334","4432042","4432057","4432050","reverse","ECK120033530","ytfE","+","ytfEp","-41","gcctctgctaCGTAAGGGTTATAGCTtttgccttaa","[AIBSCS|W|Automated inference based on similarity to consensus sequences]","Weak",
"0","ECK120011508","NarP","ECK120033336","4432051","4432066","4432059","reverse","ECK120033528","ytfE","+","ytfEp","-50","gttaaataagCCTCTGCTACGTAAGGgttatagctt","[AIBSCS|W|Automated inference based on similarity to consensus sequences]","Weak",
"0","ECK120011508","NarP","ECK120017042","913937","913952","913945","reverse","ECK120032453","hcp-hcr","+","hcpp","-100","cgtaatacctCTCTGGCGGTAGATCCctgccgccaa","[GEA|W|Gene expression analysis],[HIBSCS|W|Human inference based on similarity to consensus sequences]","Weak",
"0","ECK120011508","NarP","ECK120015580","913946","913961","913954","reverse","ECK120032455","hcp-hcr","+","hcpp","-109","ttttctctgcGTAATACCTCTCTGGCggtagatccc","[GEA|W|Gene expression analysis],[HIBSCS|W|Human inference based on similarity to consensus sequences]","Weak",
"0","ECK120011508","NarP","ECK120011222","0","0","0","reverse","ECK120032109","fdhF","+","fdhFp",,,"[GEA|W|Gene expression analysis]","Weak",
"0","ECK120011508","NarP","ECK120011222","0","0","0","reverse","ECK125230692","ydeP","-","ydePp",,,"[GEA|W|Gene expression analysis],[BPP|S|Binding of purified proteins]","Strong",
