"0","ECK120016814","NsrR","ECK120051499","1165992","1166002","1165997","forward","ECK125110132","ndh","-","ndhp","6","ctcaatagcgAAGAACATTTTcattgctgta","[GEA|W|Gene expression analysis],[HIBSCS|W|Human inference based on similarity to consensus sequences]","Weak",
"0","ECK120016814","NsrR","ECK120051492","122883","122893","122888","forward","ECK125110128","aceEF","-","aceEp","-81","aattatccagAAGATGTTGTAaatcaagcgc","[GEA|W|Gene expression analysis],[HIBSCS|W|Human inference based on similarity to consensus sequences]","Weak",
"1","ECK120016814","NsrR","ECK120051484","1447303","1447313","1447308","reverse","ECK125162206","feaR","-","feaRp2","2","tgcaacaataAAAATACATTTcacagagcga","[GEA|W|Gene expression analysis],[HIBSCS|W|Human inference based on similarity to consensus sequences]","Weak",
"1","ECK120016814","NsrR","ECK120051484","1447303","1447313","1447308","forward","ECK125162252","feaB","-","feaBp1","-184","tcgctctgtgAAATGTATTTTtattgttgca","[GEA|W|Gene expression analysis],[HIBSCS|W|Human inference based on similarity to consensus sequences]","Weak",
"0","ECK120016814","NsrR","ECK125095370","1475099","1475109","1475104","forward","ECK125110150","ydbD","-","ydbDp","39","acaaaagggaAAGATGCATTTcccttttttt","[GEA|W|Gene expression analysis],[HIBSCS|W|Human inference based on similarity to consensus sequences]","Weak",
"1","ECK120016814","NsrR","ECK120016822","1500526","1500544","1500535","forward","ECK120051662","tehAB","-","tehAp","-1","aattccataaAATGCATTTCAAATATACTttataaatta","[GEA|W|Gene expression analysis],[AIBSCS|W|Automated inference based on similarity to consensus sequences],[HIBSCS|W|Human inference based on similarity to consensus sequences]","Weak",
"1","ECK120016814","NsrR","ECK120051507","1500558","1500568","1500563","forward","ECK125110136","tehAB","-","tehAp","28","taaattaaacAAAATGAGTAAgaagatgcag","[GEA|W|Gene expression analysis],[HIBSCS|W|Human inference based on similarity to consensus sequences]","Weak",
"1","ECK120016814","NsrR","ECK125095366","1734170","1734180","1734175","reverse","ECK125110148","grxD","-","grxD","-13","aagcgtgatgAAAATGTTATTttccgatgcc","[GEA|W|Gene expression analysis],[HIBSCS|W|Human inference based on similarity to consensus sequences]","Weak",
"1","ECK120016814","NsrR","ECK125095368","1734291","1734301","1734296","forward","ECK125110149","mepH","-","ydhOp","-61","tagctttcacTGCTGCATTTTtttgcgctcg","[GEA|W|Gene expression analysis],[HIBSCS|W|Human inference based on similarity to consensus sequences]","Weak",
"0","ECK120016814","NsrR","ECK120051505","1735281","1735291","1735286","forward","ECK125110135","sodB","-","sodBp","-37","gcaacagggtAAGTTCATCTTttgtctcacc","[GEA|W|Gene expression analysis],[AIBSCS|W|Automated inference based on similarity to consensus sequences]","Weak",
"0","ECK120016814","NsrR","ECK120051511","1764419","1764429","1764424","reverse","ECK125110138","sufABCDSE","-","sufAp","-6","cattatcactAACATGCTGTTatacgctgaa","[GEA|W|Gene expression analysis],[HIBSCS|W|Human inference based on similarity to consensus sequences]","Weak",
"0","ECK120016814","NsrR","ECK120051509","1764481","1764491","1764486","reverse","ECK125110137","sufABCDSE","-","sufAp","-68","aaagcaggcaAAAAGCATGTTttacggtaaa","[GEA|W|Gene expression analysis],[HIBSCS|W|Human inference based on similarity to consensus sequences]","Weak",
"0","ECK120016814","NsrR","ECK125095360","1802649","1802659","1802654","reverse","ECK125110145","thrS-infC","-","thrSp","80","atttgttggcTAGATGGTTTCgcaatgaact","[GEA|W|Gene expression analysis],[HIBSCS|W|Human inference based on similarity to consensus sequences]","Weak",
"0","ECK120016814","NsrR","ECK125095360","1802649","1802659","1802654","reverse","ECK125110145","thrS-infC-rpmI-rplT-pheMST-ihfA","-","thrSp","80","atttgttggcTAGATGGTTTCgcaatgaact","[GEA|W|Gene expression analysis],[HIBSCS|W|Human inference based on similarity to consensus sequences]","Weak",
"0","ECK120016814","NsrR","ECK125095374","1865715","1865725","1865720","reverse","ECK125110152","yeaE","-","yeaEp","5","caaattctgaTAATGCATCTTtccagggcat","[GEA|W|Gene expression analysis],[HIBSCS|W|Human inference based on similarity to consensus sequences]","Weak",
"0","ECK120016814","NsrR","ECK120033341","1880017","1880035","1880026","reverse","ECK120051669","yeaR-yoaG","-","yeaRp","-32","taaccaataaATGGTATTTAAAATGCAAAttatcaggcg","[GEA|W|Gene expression analysis],[AIBSCS|W|Automated inference based on similarity to consensus sequences]","Weak",
"0","ECK120016814","NsrR","ECK120051449","2001808","2001818","2001813","reverse","ECK120051450","fliAZ-tcyJ","-","fliAp1","7","aatcatgccgATAACTCATATaacgcagggc","[GEA|W|Gene expression analysis],[SM|S|Site mutation],[HIBSCS|W|Human inference based on similarity to consensus sequences]","Strong",
"0","ECK120016814","NsrR","ECK120051449","2001808","2001818","2001813","reverse","ECK125110142","fliAZ-tcyJ","-","fliAp2","-5","aatcatgccgATAACTCATATaacgcagggc","[GEA|W|Gene expression analysis],[HIBSCS|W|Human inference based on similarity to consensus sequences]","Weak",
"0","ECK120016814","NsrR","ECK125095357","2002021","2002031","2002026","reverse","ECK125110143","fliAZ-tcyJ","-","fliAp1","-207","ctacaagttgAATTGCAATTTattgaatttg","[GEA|W|Gene expression analysis],[HIBSCS|W|Human inference based on similarity to consensus sequences]","Weak",
"0","ECK120016814","NsrR","ECK125095357","2002021","2002031","2002026","reverse","ECK125110144","fliAZ-tcyJ","-","fliAp2","-218","ctacaagttgAATTGCAATTTattgaatttg","[GEA|W|Gene expression analysis],[HIBSCS|W|Human inference based on similarity to consensus sequences]","Weak",
"0","ECK120016814","NsrR","ECK120051495","2231822","2231832","2231827","forward","ECK125110130","cdd","-","cddp","9","gttatcccatTACATGATTATgaggcaacgc","[GEA|W|Gene expression analysis],[HIBSCS|W|Human inference based on similarity to consensus sequences]","Weak",
"0","ECK120016814","NsrR","ECK125095378","229082","229092","229087","forward","ECK125110154","dkgB","-","dkgBp","-11","cgcaaaaatcCTCTGCATTTTacgctctttt","[GEA|W|Gene expression analysis],[HIBSCS|W|Human inference based on similarity to consensus sequences]","Weak",
"0","ECK120016814","NsrR","ECK125095380","229156","229166","229161","forward","ECK125110155","dkgB","-","dkgBp","64","tagcattaaaAGAGGCATATTatggctatcc","[GEA|W|Gene expression analysis],[HIBSCS|W|Human inference based on similarity to consensus sequences]","Weak",
"0","ECK120016814","NsrR","ECK125095352","2477728","2477738","2477733","reverse","ECK125110140","dsdC","-","dsdCp","14","tcaatggagtGATTTACATCTaaaaatgaag","[GEA|W|Gene expression analysis],[HIBSCS|W|Human inference based on similarity to consensus sequences]","Weak",
"1","ECK120016814","NsrR","ECK120051486","2685754","2685764","2685759","forward","ECK125110125","hmp","-","hmpAp","-38","aaaacaccaaAGAACCATTTAcattgcaggg","[GEA|W|Gene expression analysis],[HIBSCS|W|Human inference based on similarity to consensus sequences]","Weak",
"1","ECK120016814","NsrR","ECK120016818","2685789","2685807","2685798","forward","ECK120051543","hmp","-","hmpAp","2","tttttataagATGCATTTGAGATACATCAattaagatgc","[GEA|W|Gene expression analysis],[AIBSCS|W|Automated inference based on similarity to consensus sequences]","Weak",
"1","ECK120016814","NsrR","ECK120051488","2685811","2685821","2685816","forward","ECK125110126","hmp","-","hmpAp","20","tacatcaattAAGATGCAAAAaaaggaagac","[GEA|W|Gene expression analysis],[HIBSCS|W|Human inference based on similarity to consensus sequences]","Weak",
"0","ECK120016814","NsrR","ECK125095376","2698503","2698513","2698508","reverse","ECK125110153","pgpC-tadA","-","pgpCp","131","ttttttgactTAGATGGAACAttgcatcagc","[GEA|W|Gene expression analysis],[HIBSCS|W|Human inference based on similarity to consensus sequences]","Weak",
"0","ECK120016814","NsrR","ECK125095364","2753547","2753557","2753552","forward","ECK125110147","bamE","-","bamEp","67","gtctattatcATCGGCATATTacagatgagc","[GEA|W|Gene expression analysis],[HIBSCS|W|Human inference based on similarity to consensus sequences]","Weak",
"0","ECK120016814","NsrR","ECK120051497","2832282","2832292","2832287","reverse","ECK125110131","norR","-","norRp","21","cagtgaggcaAAGATGAGTTTttccgttgat","[GEA|W|Gene expression analysis],[HIBSCS|W|Human inference based on similarity to consensus sequences]","Weak",
"0","ECK120016814","NsrR","ECK120051482","2850526","2850536","2850531","reverse","ECK125110123","hycABCDEFGHI","-","hycAp","-70","cacggcgacgAAATTCATCTTtagcttaaaa","[GEA|W|Gene expression analysis],[HIBSCS|W|Human inference based on similarity to consensus sequences]","Weak",
"0","ECK120016814","NsrR","ECK120051482","2850526","2850536","2850531","forward","ECK125110129","hypABCDE","-","hypAp","-96","ttttaagctaAAGATGAATTTcgtcgccgtg","[GEA|W|Gene expression analysis],[HIBSCS|W|Human inference based on similarity to consensus sequences]","Weak",
"0","ECK120016814","NsrR","ECK120051482","2850526","2850536","2850531","forward","ECK125110129","hypABCDE-fhlA","-","hypAp","-96","ttttaagctaAAGATGAATTTcgtcgccgtg","[GEA|W|Gene expression analysis],[HIBSCS|W|Human inference based on similarity to consensus sequences]","Weak",
"0","ECK120016814","NsrR","ECK120051501","2856824","2856834","2856829","reverse","ECK125110133","ygbA","-","ygbAp","-1","gatgtaatatAAATACATCTTaatgaggtgg","[GEA|W|Gene expression analysis],[HIBSCS|W|Human inference based on similarity to consensus sequences]","Weak",
"0","ECK120016814","NsrR","ECK120016820","2856826","2856844","2856835","reverse","ECK120051663","ygbA","-","ygbAp","-7","ttaagattaaGATGTAATATAAATACATCttaatgaggt","[GEA|W|Gene expression analysis],[AIBSCS|W|Automated inference based on similarity to consensus sequences],[HIBSCS|W|Human inference based on similarity to consensus sequences]","Weak",
"0","ECK120016814","NsrR","ECK120051503","2856941","2856951","2856946","reverse","ECK125110134","ygbA","-","ygbAp","-118","ggttccgggaAAGATGCTGTTttgcagcttt","[GEA|W|Gene expression analysis],[HIBSCS|W|Human inference based on similarity to consensus sequences]","Weak",
"0","ECK120016814","NsrR","ECK125095362","3492450","3492460","3492455","forward","ECK125110146","tsgA","-","tsgAp","-64","atcacctcttAAAATGCAATTtagcaaccga","[GEA|W|Gene expression analysis],[HIBSCS|W|Human inference based on similarity to consensus sequences]","Weak",
"0","ECK120016814","NsrR","ECK125095384","374897","374907","374902","forward","ECK125110157","mhpT","-","mhpTp","-484","actgccgagaACGTGCATTTTgtatgcccat","[GEA|W|Gene expression analysis],[HIBSCS|W|Human inference based on similarity to consensus sequences]","Weak",
"0","ECK120016814","NsrR","ECK125095350","3790259","3790269","3790264","reverse","ECK125110139","waaH","-","yibDp1","-115","taatctgttaAATATGTAAAAtcctgtcagt","[GEA|W|Gene expression analysis],[HIBSCS|W|Human inference based on similarity to consensus sequences]","Weak",
"0","ECK120016814","NsrR","ECK125095382","3967794","3967804","3967799","forward","ECK125110156","rfe-wzzE-wecBC-rffGHC-wecE-wzxE-rffT-wzyE-rffM","-","rfep","-1","catgttatgcAATTTGCATATcaaatggtta","[GEA|W|Gene expression analysis],[HIBSCS|W|Human inference based on similarity to consensus sequences]","Weak",
"0","ECK120016814","NsrR","ECK120033146","4287545","4287555","4287550","forward","ECK120051666","nrfABCDEFG","-","nrfAp","-121","ttctttgaggAACATGCAGTTatgcatgctg","[GEA|W|Gene expression analysis],[HIBSCS|W|Human inference based on similarity to consensus sequences]","Weak",
"0","ECK120016814","NsrR","ECK120051490","4287599","4287617","4287608","forward","ECK125110127","nrfABCDEFG","-","nrfAp","-63","taactctaaaGTGGTATTTTACATGCACTtacaattgat","[BCE|W|Binding of cellular extracts],[GEA|W|Gene expression analysis],[SM|S|Site mutation],[HIBSCS|W|Human inference based on similarity to consensus sequences]","Strong",
"1","ECK120016814","NsrR","ECK120016816","4432012","4432030","4432021","reverse","ECK120051664","ytfE","-","ytfEp","-12","ttgccttaaaGATGCATTTAAAATACATCttatcttatt","[GEA|W|Gene expression analysis],[SM|S|Site mutation],[AIBSCS|W|Automated inference based on similarity to consensus sequences],[HIBSCS|W|Human inference based on similarity to consensus sequences]","Strong",
"0","ECK120016814","NsrR","ECK125095372","4474077","4474087","4474082","reverse","ECK125110151","bdcA","-","bdcAp","-18","aacagttttgTAATGCATGTTacataataaa","[GEA|W|Gene expression analysis],[HIBSCS|W|Human inference based on similarity to consensus sequences]","Weak",
"1","ECK120016814","NsrR","ECK120033147","913831","913849","913840","reverse","ECK120051665","hcp-hcr","-","hcpp","6","taaccttaaaCATGTATATTAAATATAACtttaaaaggt","[BCE|W|Binding of cellular extracts],[GEA|W|Gene expression analysis],[SM|S|Site mutation],[HIBSCS|W|Human inference based on similarity to consensus sequences]","Strong",
"0","ECK120016814","NsrR","ECK125095354","932374","932384","932379","forward","ECK125110141","lrp","-","lrpp","52","catgcatgtaAATACCATGTTtaccgtgcta","[GEA|W|Gene expression analysis],[HIBSCS|W|Human inference based on similarity to consensus sequences]","Weak",
"0","ECK120016814","NsrR","ECK120011222","0","0","0","reverse","ECK120049100","rybB","-","rybBp",,,"[GEA|W|Gene expression analysis]","Weak",
