"0","ECK120012145","UxuR","ECK120015560","1696116","1696133","1696125","reverse","ECK120032531","uidABC","-","uidAp","28.5","gtgcaacacaGAATTGGTTAACTAATCAgattaaaggt","[GEA|W|Gene expression analysis],[HIBSCS|W|Human inference based on similarity to consensus sequences]","Weak",
"0","ECK120012145","UxuR","ECK125230702","3246416","3246433","3246425","forward","ECK125230704","exuR","-","exuRp2","-193.5","gcagttctggCAGTGTTCGACCTGTTAGgtgcgctggt","[HIBSCS|W|Human inference based on similarity to consensus sequences]","Weak",
"1","ECK120012145","UxuR","ECK120018507","4551350","4551367","4551359","forward","ECK120031319","uxuAB","-","uxuAp","-159.5","tatgttatgtAAATTGGTCAACCATTGTtgcgatgaat","[GEA|W|Gene expression analysis],[SM|S|Site mutation],[BPP|S|Binding of purified proteins],[HIBSCS|W|Human inference based on similarity to consensus sequences]","Strong",
"1","ECK120012145","UxuR","ECK120018507","4551350","4551367","4551359","reverse","ECK120032565","gntP","-","gntPp","-24.5","attcatcgcaACAATGGTTGACCAATTTacataacata","[GEA|W|Gene expression analysis],[SM|S|Site mutation],[BPP|S|Binding of purified proteins],[HIBSCS|W|Human inference based on similarity to consensus sequences]","Strong",
"1","ECK120012145","UxuR","ECK120018518","4551456","4551473","4551465","forward","ECK120031321","uxuAB","-","uxuAp","-53.5","aaattcttgtGATGTGGTTAACCAATTTcagaattcgg","[GEA|W|Gene expression analysis],[HIBSCS|W|Human inference based on similarity to consensus sequences]","Weak",
"1","ECK120012145","UxuR","ECK120018518","4551456","4551473","4551465","reverse","ECK120032564","gntP","-","gntPp","-130.5","ccgaattctgAAATTGGTTAACCACATCacaagaattt","[GEA|W|Gene expression analysis],[HIBSCS|W|Human inference based on similarity to consensus sequences]","Weak",
"0","ECK120012145","UxuR","ECK125145838","4554383","4554400","4554392","forward","ECK125145839","uxuR","-","uxuRp","-66.5","ccctacagacTTACTGGTCAATCAAACTgatatttggt","[AIBSCS|W|Automated inference based on similarity to consensus sequences]","Weak",
"0","ECK120012145","UxuR","ECK120018521","4554403","4554420","4554412","forward","ECK125145884","uxuR","-","uxuRp","-46.5","atcaaactgaTATTTGGTTGACCAGTTTtcgttttttt","[GEA|W|Gene expression analysis],[AIBSCS|W|Automated inference based on similarity to consensus sequences]","Weak",
"0","ECK120012145","UxuR","ECK125145840","4554542","4554559","4554551","forward","ECK125145841","uxuR","-","uxuRp","93.5","atccggcaaaAATTTGATTAACCGCACCtaacggacac","[GEA|W|Gene expression analysis],[AIBSCS|W|Automated inference based on similarity to consensus sequences]","Weak",
"0","ECK120012145","UxuR","ECK125140734","4595807","4595824","4595816","reverse","ECK125230218","lgoR","-","lgoRp4","132.5","tttacgccacAATGTGATTAACCAGGTCattgatgata","[GEA|W|Gene expression analysis],[BPP|S|Binding of purified proteins]","Strong",
